Tickler,Company,MarketCap_EUR,Price_EUR,Revenue_EUR,ISIN,Official_Xetra_Name,Primary_Market_MIC
NVDA,NVIDIA Corporation,4692130937423,194.22,216532012200,US67066G1040,"NVIDIA CORP.      DL-,001",XNAS
AAPL,Apple Inc.,3955467172781,270.5,409310406400,US0378331005,APPLE INC.,XNAS
1GOOGL.MI,Alphabet Inc.,3744153875350,308.64999,390266509800,US02079K3059,"ALPHABET INC.CL.A DL-,001",XNAS
MSFT,Microsoft Corporation,3211484193889,434.35001,290458676700,US5949181045,"MICROSOFT    DL-,00000625",XNAS
AMZN,"Amazon.com, Inc.",2560942657095,240.55,678952704000,US0231351067,"AMAZON.COM INC.    DL-,01",XNAS
AVGO,Broadcom Inc.,1760363667254,368.60001,64145250000,US11135F1012,"BROADCOM INC.     DL-,001",XNAS
SPCX,Space Exploration Technologies Corp.,1517752120134,111.82,20170413200,US84615Q1031,SPACE EXPL.TECHS. CL.A,XNAS
META,"Meta Platforms, Inc.",1304747346987,514.6,199784599100,US30303M1027,"META PLATF.  A DL-,000006",XNAS
TSLA,"Tesla, Inc.",1122547074554,287.5,90697710700,US88160R1014,"TESLA INC. DL -,001",XNAS
BRK-B,Berkshire Hathaway Inc.,972367781102,449.04999,325579216200,US0846707026,"BERKSH. H.B NEW DL-,00333",XNYS
LLY,Eli Lilly and Company,914210702493,1017.79999,69731649800,US5324571083,ELI LILLY,XNYS
MU,"Micron Technology, Inc.",857320138607,757.59998,77464119400,US5951121038,"MICRON TECHN. INC. DL-,10",XNAS
JPM,JPMorgan Chase & Co.,822056840097,308.29999,163092898400,US46625H1005,JPMORGAN CHASE       DL 1,XNYS
WMT,Walmart Inc.,769946147766,96.65,618249982000,US9311421039,"WALMART DL-,10",XNAS
AMD,"Advanced Micro Devices, Inc.",682548262900,417.89999,36216224000,US0079031078,"ADVANCED MIC.DEV.  DL-,01",XNAS
ASML.AS,ASML Holding N.V.,575693352897,1498.80005,35327500000,NL0010273215,"ASML HOLDING    EO -,09",XAMS
V,Visa Inc.,575577203239,315.14999,38940346400,US92826C8394,"VISA INC. CL. A DL -,0001",XNYS
XOM,ExxonMobil Holdings Corporation,544333260500,132.08,316035818000,US30233Q1085,EXX.HO.COR. O.N.,XNYS
JNJ,Johnson & Johnson,540401927127,221.89999,85864147200,US4781601046,JOHNSON + JOHNSON    DL 1,XNYS
INTC,Intel Corporation,443505049000,87.43,50005657600,US4581401001,"INTEL CORP.       DL-,001",XNAS
MA,Mastercard Incorporated,426574573300,487.6,30708149900,US57636Q1040,"MASTERCARD INC.A DL-,0001",XNYS
CSCO,"Cisco Systems, Inc.",413996275836,104.62,51889233200,US17275R1023,"CISCO SYSTEMS    DL-,001",XNAS
BAC,Bank of America Corporation,382098105798,54.36,99723804300,US0605051046,"BANK AMERICA      DL 0,01",XNYS
ABBV,AbbVie Inc.,376086029333,211.5,56357065800,US00287Y1091,"ABBVIE INC.        DL-,01",XNYS
AMAT,"Applied Materials, Inc.",370267823333,466.6,24792300800,US0382221051,APPLIED MATERIALS INC.,XNAS
ORCL,Oracle Corporation,366316122153,126.22,57671063400,US68389X1054,"ORACLE CORP.       DL-,01",XNYS
COST,Costco Wholesale Corporation,363592439206,818.2,249431515200,US22160K1051,"COSTCO WHOLESALE  DL-,005",XNAS
PLTR,Palantir Technologies Inc.,357547827110,137.48,5388295157,US69608A1088,PALANTIR TECHNOLOGIES INC,XNAS
LRCX,Lam Research Corporation,336991375585,268.60001,20370422592,US5128073062,LAM RESEARCH CORP. NEW,XNAS
CAT,Caterpillar Inc.,334870559473,731.5,65410293700,US1491231015,CATERPILLAR INC.     DL 1,XNYS
POR,General Electric Company,332143681612,321.7,44324316700,US3696043013,"GE AEROSPACE      DL -,06",XNYS
KO,The Coca-Cola Company,323974428537,75.19,43822771800,US1912161007,"COCA-COLA CO.      DL-,25",XNYS
UNH,UnitedHealth Group Incorporated,319779621743,353.79999,393997913700,US91324P1021,"UNITEDHEALTH GROUP DL-,01",XNYS
CVX,Chevron Corporation,316552551379,161.9,183273815200,US1667641005,"CHEVRON CORP.      DL-,75",XNYS
RO.SW,Roche Holding AG,313987977687,399.2,68202986002,CH0012032113,ROCHE HLDG AG INH. SF 1,XSWX
HD,"The Home Depot, Inc.",306724358802,305,141603200000,US4370761029,"HOME DEPOT INC.    DL-,05",XNYS
HSBA.L,HSBC Holdings plc,306378137430,17.924,59023229600,GB0005405286,"HSBC HLDGS PLC     DL-,50",XLON
MS,Morgan Stanley,293892924145,185.95,68122848400,US6174464486,"MORGAN STANLEY     DL-,01",XNYS
PG,The Procter & Gamble Company,293130417882,125.56,76179109600,US7427181091,PROCTER GAMBLE,XNYS
MRK,"Merck & Co., Inc.",274698070138,110.8,58267845700,US58933Y1055,"MERCK CO.          DL-,01",XNYS
GS,"The Goldman Sachs Group, Inc.",272265536797,900.79999,59144021000,US38141G1040,GOLDMAN SACHS GRP INC.,XNYS
NFLX,"Netflix, Inc.",267038031756,64.09,42338929729,US64110L1061,"NETFLIX INC.      DL-,001",XNAS
RTX,RTX Corporation,260010781510,191.55,81840550000,US75513E1010,"RTX CORP.            -,01",XNYS
PANW,"Palo Alto Networks, Inc.",256512203500,314.7,9040980600,US6974351057,"PALO ALTO NETWKS DL-,0001",XNAS
NOVN.SW,Novartis AG,256413909844,135.34,49623382900,CH0012005267,"NOVARTIS NAM.     SF 0,49",XSWX
PM,Philip Morris International Inc.,255578392431,163.89999,37239638500,US7181721090,PHILIP MORRIS INTL INC.,XNYS
DELL,Dell Technologies Inc.,253618042864,378.7,113901700000,US24703L2025,"DELL TECHS INC. C  DL-,01",XNYS
BABA,Alibaba Group Holding Limited,253373542846,110.6,128719371615,US01609W1027,A.G.HLD.ADR8 DL-000003125,XNYS
MC.PA,"LVMH Moët Hennessy - Louis Vuitton, Société Européenne",236687628960,479.9,79641000000,FR0000121014,"LVMH               EO 0,3",XPAR
WFC,Wells Fargo & Company,228225009887,74.97,72672657800,US9497461015,"WELLS FARGO + CO.DL 1,666",XNYS
GEV,GE Vernova Inc.,228148483225,859.4,36208535100,US36828A1016,GE VERNOVA INC.,XNYS
TXN,Texas Instruments Incorporated,225991541780,246.89999,17027210900,US8825081040,TEXAS INSTR.         DL 1,XNAS
KLAC,KLA Corporation,223896585451,171.42,11886115343,US4824801009,"KLA CORP.        DL -,001",XNAS
NESN.SW,Nestlé S.A.,223687360845,88,96169254313,CH0038863350,"NESTLE NAM.        SF-,10",XSWX
AZN,AstraZeneca PLC,215380197188,160.7,53713659800,,,
SIE.F,Siemens Aktiengesellschaft,214884987290,279.79999,81114000000,DE0007236101,SIEMENS AG  NA O.N.,XFRA
SHEL.L,Shell plc,212623677675,38.38,259614855300,GB00BP6MXD84,SHELL PLC           EO-07,XLON
ANET,"Arista Networks, Inc.",210492460950,164.24001,9226362240,US0404132054,ARISTA NET.INC. NEW O.N.,XNYS
OR.PA,L'Oréal S.A.,205447965786,386,45354800000,FR0000120321,"L OREAL    INH.    EO 0,2",XPAR
SAP.DE,SAP SE,205401432000,177.96001,38192000000,DE0007164600,SAP SE O.N.,XFRA
AXP,American Express Company,199140192020,294.1,62070148900,US0258161092,"AMER. EXPRESS     DL -,20",XNYS
C,Citigroup Inc.,195882680335,116.44,71522513600,US1729674242,"CITIGROUP INC. DL -,01",XNYS
LIN,Linde plc,195378467131,425.79999,31028509700,IE000S9YS762,"LINDE PLC        EO -,001",XNAS
IBM,International Business Machines Corporation,193370445571,203.3,60478853500,US4592001014,"INTL BUS. MACH.    DL-,20",XNYS
AMGN,Amgen Inc.,192177066690,350.95001,33344553500,US0311621009,"AMGEN INC.       DL-,0001",XNAS
TMO,Thermo Fisher Scientific Inc.,189979853020,505.6,40627404800,US8835561023,THERMO FISH.SCIENTIF.DL 1,XNYS
SAN.MC,"Banco Santander, S.A.",182793997730,12.834,48533000000,ES0113900J37,"BCO SANTANDER N.EO0,5",XMAD
ITX.MC,"Industria de Diseño Textil, S.A.",182711009394,58.72,40340000000,ES0148396007,"INDITEX INH.      EO 0,03",XMAD
NOVO-B.CO,Novo Nordisk A/S,180446064465,40.635,44063275324,DK0062498333,"NOVO-NORDISK AS B  DK 0,1",XCSE
APH,Amphenol Corporation,180435662186,145.48,25393853480,US0320951017,"AMPHENOL CORP.  A DL-,001",XNYS
RMS.PA,Hermès International Société en commandite par actions,171305418338,1628.5,16131000000,FR0000052292,HERMES INTERNATIONAL O.N.,XPAR
SU.PA,Schneider Electric S.E.,170778887868,303.60001,42042000000,FR0000121972,SCHNEIDER ELEC. INH. EO 4,XPAR
VZ,Verizon Communications Inc.,169128018670,40.545,121574793500,US92343V1044,"VERIZON COMM. INC. DL-,10",XNYS
AIR.PA,Airbus SE,169060232450,214.15,76986000000,NL0000235190,AIRBUS SE,XPAR
MCD,McDonald's Corporation,168691995674,237.6,24247560600,US5801351017,"MCDONALDS CORP.   DL-,01",XNYS
MRVL,"Marvell Technology, Inc.",165688701714,187.06,7409535000,US5738741041,"MARVELL TECH. GRP DL-,002",XNAS
TTE.PA,TotalEnergies SE,164678258956,74.12,171893164600,FR0000120271,"TOTALENERGIES SE  EO 2,50",XPAR
TMUS,"T-Mobile US, Inc.",164407680888,154.2,80693031700,US8725901040,"T-MOBILE US INC.DL,-00001",XNAS
ADI,"Analog Devices, Inc.",164289319824,337.85,10829164050,US0326541051,ANALOG DEVICES INC.DL-166,XNAS
PEP,"PepsiCo, Inc.",164131349100,119.76,83695984800,US7134481081,"PEPSICO INC.     DL-,0166",XNAS
ALV.DE,Allianz SE,162790997417,433.5,119421000000,DE0008404005,ALLIANZ SE NA O.N.,XMUN
SCHW,The Charles Schwab Corporation,161868298178,92.8,22779682500,US8085131055,CHARLES SCHWAB CORP.DL-01,XNYS
ABT,Abbott Laboratories,161368019018,92.62,40775850500,US0028241000,ABBOTT LABS,XNYS
BA,The Boeing Company,160265937176,200.3,82273823500,US0970231058,BOEING CO.           DL 5,XNYS
STX,Seagate Technology Holdings plc,159339572659,700,10660869000,IE00BKVD2N49,"SEAGATE TEC.HLD.DL-,00001",XNAS
ABBN.SW,ABB Ltd,158895793004,87.48,31293725600,CH0012221716,"ABB LTD. NA     SF 0,12",XSWX
DIS,The Walt Disney Company,156691915299,90.54,86681324800,US2546871060,DISNEY (WALT) CO.,XNYS
QCOM,QUALCOMM Incorporated,155081207846,143.12,38639699200,US7475251036,"QUALCOMM INC.    DL-,0001",XNAS
NEE,"NextEra Energy, Inc.",152727202556,73.5,25121110000,US65339F1012,"NEXTERA ENERGY INC.DL-,01",XNYS
BLK,"BlackRock, Inc.",152232973808,979.7,23894814700,US09290D1019,BLACKROCK INC.       O.N.,XNYS
ETN,Eaton Corporation plc,150741224880,393.10001,26281757800,IE00B8KQN827,"EATON CORP.PLC    DL -,01",XNYS
UNP,Union Pacific Corporation,150632268381,255.1,22241373000,US9078181081,"UNION PAC.        DL 2,50",XNYS
RIO.L,Rio Tinto Group,150580393506,87.86,54087412900,GB0007188757,"RIO TINTO PLC      LS-,10",XLON
RR.L,Rolls-Royce Holdings plc,148216518611,17.924,26902380917,GB00B63H8491,ROLLS ROYCE HLDGS LS 0.20,XLON
SAF.PA,Safran SA,148157968416,356.60001,33569000000,FR0000073272,"SAFRAN INH.       EO -,20",XPAR
DE,Deere & Company,144961242602,539.6,40236450000,US2441991054,DEERE CO.            DL 1,XNYS
SCCO,Southern Copper Corporation,143660990028,173,13818798750,US84265V1052,"SOUTHERN COPPER    DL-,01",XNYS
ABI.BR,Anheuser-Busch InBev SA/NV,143648240836,72.92,54806909500,BE0974293251,ANHEUSER-BUSCH INBEV,XBRU
GILD,"Gilead Sciences, Inc.",142875878661,115.7,26659012100,US3755581036,"GILEAD SCIENCES   DL-,001",XNAS
UBSG.SW,UBS Group AG,142489002527,46.43,46425912000,CH0244767585,"UBS GROUP AG      SF -,10",XSWX
T,AT&T Inc.,141010790241,20.6,111372296700,US00206R1023,AT + T INC.          DL 1,XNYS
BKNG,Booking Holdings Inc.,139361020891,185.75,24719347300,US09857L1089,"BOOKING HLDGS     DL-,008",XNAS
DTE.DE,Deutsche Telekom AG,139334748714,29.04,123226000000,DE0005557508,DT.TELEKOM AG NA,XFRA
CRM,"Salesforce, Inc.",136543761900,165.4,36507439600,US79466L3024,"SALESFORCE INC.   DL-,001",XNYS
BBVA.MC,"Banco Bilbao Vizcaya Argentaria, S.A.",136154136772,24.61,34135000000,ES0113211835,BCO BIL.VIZ.ARG.NOM.EO-49,XMAD
IBE.MC,"Iberdrola, S.A.",134281855574,20.71,44445000000,ES0144580Y14,"IBERDROLA INH.    EO -,75",XMAD
UBER,"Uber Technologies, Inc.",132546424140,64.72,48340193100,US90353T1007,"UBER TECH.      DL-,00001",XNYS
PFE,Pfizer Inc.,131932624434,22.85,55848652800,US7170811035,"PFIZER INC.        DL-,05",XNYS
ENR.DE,Siemens Energy AG,131328795968,153.53999,41844000000,DE000ENER6Y0,SIEMENS ENERGY AG NA O.N.,XFRA
WDC,Western Digital Corporation,129486563811,375.85,11293789800,US9581021055,"WESTN DIGITAL      DL-,01",XNAS
UCG.MI,UniCredit S.p.A.,126458575984,85.09,24843000000,IT0005239360,UNICREDIT,XMIL
DHR,Danaher Corporation,124511062121,174.95,22013817600,US2358511028,"DANAHER CORP.      DL-,01",XNYS
GLW,Corning Incorporated,123448318158,144.72,14848589200,US2193501051,"CORNING INC.      DL -,50",XNYS
BNP.PA,BNP Paribas SA,123234240000,112.54,51256000000,FR0000131104,BNP PARIBAS INH.     EO 2,XPAR
COP,ConocoPhillips,122215245283,101.88,56420962700,US20825C1045,"CONOCOPHILLIPS     DL-,01",XNYS
ISP.MI,Intesa Sanpaolo S.p.A.,119638078915,6.82,26133000000,IT0000072618,INTESA SANPAOLO,XMIL
ULVR.L,Unilever PLC,117383647052,54.67,50620000000,GB00BVZK7T90,"UNILEVER PLC     LS -,035",XLON
LMT,Lockheed Martin Corporation,117374811090,502.60001,67525875200,US5398301094,LOCKHEED MARTIN    DL 1,XNYS
PH,Parker-Hannifin Corporation,117121337830,934.2,18818074700,US7010941042,"PARKER-HANNIFIN   DL-,50",XNYS
CB,Chubb Limited,116904359544,306,54177568800,CH0044328745,"CHUBB LTD.       SF 24,15",XNYS
ISRG,"Intuitive Surgical, Inc.",115758844342,326.65,9658410320,US46120E6023,"INTUITIVE SURGIC. DL-,001",XNAS
BMY,Bristol-Myers Squibb Company,114356886044,55.83,43052505800,US1101221083,BRISTOL-MYERS SQUIBBDL-10,XNYS
SYK,Stryker Corporation,112486995864,292.3,22615126100,US8636671013,"STRYKER CORP.      DL-,10",XNYS
NOW,"ServiceNow, Inc.",111679013874,107.65,12894919600,US81762P1021,"SERVICENOW INC.   DL-,001",XNYS
BATS.L,British American Tobacco p.l.c.,111344797522,51.58,29934632874,GB0002875804,"BRIT.AMER.TOBACCO  LS-,25",XLON
AI.PA,Air Liquide S.A.,109714885977,172.38,27045900000,FR0000120073,"AIR LIQUIDE INH. EO 5,50",XPAR
VRTX,Vertex Pharmaceuticals Incorporated,108760221892,423.5,11017576160,US92532F1003,"VERTEX PHARMAC.    DL-,01",XNAS
LOW,"Lowe's Companies, Inc.",108327338730,190.85,75168900000,US5486611073,"LOWE'S COS INC.    DL-,50",XNYS
PGR,The Progressive Corporation,108286567497,185.2,79668930700,US7433151039,PROGRESSIVE CORP.    DL 1,XNYS
CVS,CVS Health Corporation,105873806631,82.6,361188168500,US1266501006,"CVS HEALTH CORP.   DL-,01",XNYS
SBUX,Starbucks Corporation,104094172660,92.27,33615021440,US8552441094,STARBUCKS CORP.,XNAS
SPGI,S&P Global Inc.,104080118317,354.7,14111586600,US78409V1044,S+P GLOBAL INC.      DL 1,XNYS
NEM,Newmont Corporation,102696073458,97.85,22553855100,US6516391066,"NEWMONT CORP.     DL 1,60",XNYS
APP,AppLovin Corporation,100389132591,300.05,5977532237,US03831W1080,"APPLOVIN CORP.A  -,00003",XNAS
ENEL.MI,Enel SpA,99669260141,10.048,79497000000,IT0003128367,ENEL S.P.A.          EO 1,XMIL
SNOW,Snowflake Inc.,99084709732,281.5,4289978325,US8334451098,"SNOWFLAKE INC.  DL-,0001",XNYS
MO,"Altria Group, Inc.",98719852701,59.2,17894633200,US02209S1033,"ALTRIA GRP INC.   DL-,333",XNYS
HWM,Howmet Aerospace Inc.,97238229673,254.77851,7980110100,US4432011082,"HOWMET AEROSPACE   DL-,01",XNYS
MDT,Medtronic plc,96506959027,74.54,31062128800,IE00BTN1Y115,"MEDTRONIC PLC    DL-,0001",XNYS
BX,Blackstone Inc.,94886199928,116.35,13552538617,US09260D1072,"BLACKSTONE INC. DL-,00001",XNYS
ZURN.SW,Zurich Insurance Group AG,94882344932,635.8,67374466900,CH0011075394,"ZURICH INSUR.GR.NA.SF0,10",XSWX
BP.L,BP p.l.c.,93288876244,6.052,188596514500,GB0007980591,"BP PLC             DL-,25",XLON
ADP,"Automatic Data Processing, Inc.",93234306820,235,19210559220,US0530151036,"AUTOM. DATA PROC. DL -,10",XNAS
ACN,Accenture plc,93013854295,149.45,62588728583,IE00B4BNMY34,"ACCENTURE A   DL-,0000225",XNYS
BNY,The Bank of New York Mellon Corporation,92502267715,139,18744549500,US0640581007,"BK N.Y. MELLON    DL -,01",XNYS
SO,The Southern Company,92232478971,80.65,26415678700,US8425871071,THE SOUTHERN CO.     DL 5,XNYS
TT,Trane Technologies plc,91793262402,416.8,19440325470,IE00BK9ZQ967,TRANE TECHNOLOG. PLC DL 1,XNYS
GSK.L,GSK plc,91700897384,22.86,38559885759,GB00BN7SWP63,"GSK PLC  LS-,3125",XLON
ADBE,Adobe Inc.,91189143375,229.8,21574527600,US00724F1012,ADOBE INC.,XNAS
CS.PA,AXA SA,91138762900,45.04,96794000000,FR0000120628,"AXA S.A. INH.     EO 2,29",XPAR
ABNB,"Airbnb, Inc.",90814206871,151.48,11518072700,US0090661010,"AIRBNB INC.     DL-,01",XNAS
VRT,Vertiv Holdings Co,90713223251,246.2,10048093880,US92537N1081,"VERTIV HOL.CL A DL-,0001",XNYS
SAN.PA,Sanofi,90226578423,75.34,48919000000,FR0000120578,SANOFI SA INHABER    EO 2,XPAR
PRX.AS,Prosus N.V.,89769080343,42.45,8417146500,NL0013654783,"PROSUS NV         EO -,05",XAMS
CABK.MC,"CaixaBank, S.A.",89210597459,12.81,15734000000,ES0140609019,CAIXABANK S.A. EO,XMAD
MCK,McKesson Corporation,87697720397,731.2,359733419900,US58155Q1031,"MCKESSON           DL-,01",XNYS
PNC,"The PNC Financial Services Group, Inc.",87154988845,220,21286420700,US6934751057,PNC FINL SERVICES GRP DL5,XNYS
INGA.AS,ING Groep N.V.,87114345165,30.49,25214000000,NL0011821202,"ING GROEP NV      EO -,01",XAMS
SPOT,Spotify Technology S.A.,86806100862,425,18113000000,LU1778762911,SPOTIFY TECH. S.A.  EUR 1,XNYS
FCX,Freeport-McMoRan Inc.,86478842058,60.2,22642260400,US35671D8570,FREEPORT-MCMORAN INC.,XNYS
USB,U.S. Bancorp,86172865180,55.28,23914071300,US9029733048,"U.S. BANCORP       DL-,01",XNYS
DUK,Duke Energy Corporation,84204133259,108.05,28712465900,US26441C2044,"DUKE EN.CORP.    DL -,001",XNYS
CME,CME Group Inc.,82007768238,229.25,5914577160,US12572Q1058,"CME GROUP INC.     DL-,01",XNAS
MMM,3M Company,81591670010,158.10001,22040054000,US88579Y1010,"3M CO.             DL-,01",XNYS
BARC.L,Barclays PLC,81215609695,6.04,32681195830,GB0031348658,"BARCLAYS PLC      LS 0,25",XLON
CDNS,"Cadence Design Systems, Inc.",80812037942,296.6,5109671412,US1273871087,"CADENCE DESIGN SYS DL-,01",XNAS
IFX.DE,Infineon Technologies AG,80672938831,62.08,15591000000,DE0006231004,INFINEON TECH.AG NA O.N.,XFRA
CSX,CSX Corporation,80545057984,43.67,12702353600,US1264081035,CSX CORP.            DL 1,XNAS
MELI,"MercadoLibre, Inc.",79842233775,1574.40002,30794804600,US58733R1023,"MERCADOLIBRE INC. DL-,001",XNAS
MAR,"Marriott International, Inc.",79828944393,309,6464090500,US5719032022,"MARRIOTT INTL A    DL-,01",XNAS
JCI,Johnson Controls International plc,79752921414,133.6,21878123500,IE00BY7QL619,"JOHNSON CONTR.INTL.DL-,01",XNYS
EL.PA,EssilorLuxottica Société anonyme,79187628373,172.55,29285000000,FR0000121667,"ESSILORLUXO. INH. EO -,18",XPAR
WM,"Waste Management, Inc.",78721187425,199.25,22466325100,US94106L1098,WASTE MANAGEMENT,XNYS
CDI.PA,Christian Dior SE,78622930764,435.8,79641000000,FR0000130403,CHRISTIAN DIOR INH.  EO 2,XPAR
LLOY.L,Lloyds Banking Group plc,77915896616,1.343,22870217458,GB0008706128,"LLOYDS BKG GRP     LS-,10",XLON
CMCSA,Comcast Corporation,77844311320,21.845,109328471200,US20030N1019,"COMCAST CORP.   A  DL-,01",XNAS
SHW,The Sherwin-Williams Company,77181709406,312,21366335590,US8243481061,SHERWIN-WILLIAMS     DL 1,XNYS
INTU,Intuit Inc.,76957241501,285.85,17836470000,US4612021034,"INTUIT INC.        DL-,01",XNAS
UPS,"United Parcel Service, Inc.",76904274151,90.5,78715729000,US9113121068,UNITED PARCEL SE.B DL-01,XNYS
1810.HK,Xiaomi Corporation,76785692816,3.6,55972621416,,,
CMI,Cummins Inc.,76718339872,557,30379912400,US2310211063,"CUMMINS INC.      DL 2,50",XNYS
MNST,Monster Beverage Corporation,76558309686,82.27,8069353062,US61174X1090,"MONSTER BEVER.NEW DL-,005",XNAS
EMR,Emerson Electric Co.,76359975220,142.45,16312090800,US2910111044,"EMERSON EL.       DL -,50",XNYS
WMB,"The Williams Companies, Inc.",74486006375,61.54,10786321900,US9694571004,WILLIAMS COS INC.    DL 1,XNYS
VLO,Valero Energy Corporation,74296269371,259.8,115915979000,US91913Y1001,"VALERO ENERGY CORP.DL-,01",XNYS
ELV,"Elevance Health, Inc.",73948741112,339.6,176035084200,US0367521038,"ELEVANCE HEALTH    DL-,01",XNYS
BA.L,BAE Systems plc,73384977573,25.96,34120092871,GB0002634946,"BAE SYSTEMS PLC   LS-,025",XLON
ICE,"Intercontinental Exchange, Inc.",72986616558,131.38,9241417400,US45866F1049,INTERCONTINENTAL EXCH.INC,XNYS
ITW,Illinois Tool Works Inc.,72834939968,255.8,14415315700,US4523081093,ILL. TOOL WKS,XNYS
DDOG,"Datadog, Inc.",72658633615,203.5,3472074393,US23804L1035,"DATADOG INC.  A DL-,00001",XNAS
MPC,Marathon Petroleum Corporation,72436781843,260,134923993800,US56585A1025,"MARATHON PETROLEUM DL-,01",XNYS
ROST,"Ross Stores, Inc.",70820105233,219.9,20209654400,US7782961038,"ROSS STRS INC.     DL-,01",XNAS
PSX,Phillips 66,70380167059,177.64999,133191775100,US7185461040,"PHILLIPS 66        DL-,01",XNYS
CTAS,Cintas Corporation,70285081397,175.48,9644888368,US1729081059,CINTAS CORP.,XNAS
NG.L,National Grid plc,69700702403,14.03,20255953816,GB00BDR05C01,NATIONAL GRID PLC,XLON
MDLZ,"Mondelez International, Inc.",69500653275,54.23,34727527500,US6092071058,MONDELEZ INTL INC. A,XNAS
DG.PA,Vinci SA,69461804242,125.35,76521000000,FR0000125486,"VINCI S.A. INH.   EO 2,50",XPAR
TRV,"The Travelers Companies, Inc.",69336208700,332.85,42871318700,US89417E1091,TRAVELERS COS INC.,XNYS
ECL,Ecolab Inc.,69149231176,245.2,14742240250,US2788651006,ECOLAB INC.          DL 1,XNYS
SNPS,"Synopsys, Inc.",68900264012,357,7398303512,US8716071076,"SYNOPSYS INC.      DL-,01",XNAS
RACE.MI,Ferrari N.V.,68455228903,355.14999,7353308000,NL0011585146,FERRARI N.V.,XMIL
ENI.MI,Eni S.p.A.,67847499930,23.275,89932000000,IT0003132476,ENI S.P.A.,XMIL
HON,Honeywell International Inc.,67499236881,212.1,33311292100,US4385162056,HONEYWELL INTL NEW O.N.,XNAS
G.MI,Assicurazioni Generali S.p.A.,67034774180,44.82,59336000000,IT0000062072,GENERALI S.P.A.,XMIL
MSI,"Motorola Solutions, Inc.",66930776801,405.25,10697585400,US6200763075,"MOTOROLA SOLUTIONS DL-,01",XNYS
REGN,"Regeneron Pharmaceuticals, Inc.",66906542386,664,13597522910,US75886F1075,"REGENERON PHARMAC.DL-,001",XNAS
GM,General Motors Company,66472833156,75.62,162392658400,US37045V1008,"GENERAL MOTORS     DL-,01",XNYS
NWG.L,NatWest Group plc,66092745276,8.354,19517436378,GB00BM8PJY71,"NATWEST GR.PLC LS 1,0769",XLON
AON,Aon plc,65743929697,330.6,15385148100,IE00BLP1HW54,"AON PLC A         DL -,01",XNYS
FDX,FedEx Corporation,65195605292,274.39999,81099264000,US31428X1063,"FEDEX CORP.        DL-,10",XNYS
ENGI.PA,Engie SA,64981370668,26.75,70585000000,FR0010208488,ENGIE S.A. INH.      EO 1,XPAR
NSC,Norfolk Southern Corporation,64961548091,293.25,10976262000,US6558441084,NORFOLK STHN CORP.   DL 1,XNYS
MUV2.DE,Münchener Rückversicherungs-Gesellschaft Aktiengesellschaft in München,64793339887,515.40002,62954000000,DE0008430026,MUENCH.RUECKVERS. NA O.N.,XMUN
CI,The Cigna Group,64568180080,242.3,247168964600,US1255231003,"CIGNA GROUP, THE     DL 1",XNYS
CL,Colgate-Palmolive Company,64314747943,80.12,18422439100,US1941621039,COLGATE-PALMOLIVE    DL 1,XNYS
COHR,Coherent Corp.,64159416442,308,5725987453,US19247G1076,COHERENT CORP.,XNYS
APO,"Apollo Global Management, Inc.",63492591665,115.25,31158929400,US03769M1062,"APOLLO GL.M.NEW DL-,00001",XNYS
ABX.TO,Barrick Mining Corporation,63389841907,37.87,16516861200,CA06849F1080,BARRICK MINING CORP.,XTSE
URI,"United Rentals, Inc.",62607018361,1010,14733049600,US9113631090,"UNITED RENTALS INC.DL-,01",XNYS
MRK.DE,Merck KGaA,62455842175,143.65,21135000000,DE0006599905,MERCK KGAA O.N.,XFRA
GLE.PA,Société Générale Société anonyme,61911139961,83.98,26056000000,FR0000130809,"STE GENERALE INH. EO 1,25",XPAR
HLT,Hilton Worldwide Holdings Inc.,61830732335,279.60001,4467531200,US43300A2033,"HILTON WORLD.HDGS DL -,01",XNYS
BSX,Boston Scientific Corporation,61814204357,42.94,18377798800,US1011371077,"BOSTON SCIENTIFIC  DL-,01",XNYS
DBK.DE,Deutsche Bank Aktiengesellschaft,61624594517,32.89,30465000000,DE0005140008,DEUTSCHE BANK AG NA O.N.,XFRA
DHL.DE,Deutsche Post AG,61259583653,55.32,85574000000,DE0005552004,DEUTSCHE POST AG NA O.N.,XDUS
EOG,"EOG Resources, Inc.",61133927916,118.1,23388891300,US26875P1012,"EOG RESOURCES      DL-,01",XNYS
PCAR,PACCAR Inc,60605739643,113.6,24347169740,US6937181088,PACCAR INC.          DL 1,XNAS
HPE,Hewlett Packard Enterprise Company,60249610248,45.31,33068005600,US42824C1099,HEWLETT PACKARD ENT.,XNYS
LITE,Lumentum Holdings Inc.,59905770490,768.90002,2159931200,US55024U1097,"LUMENTUM HLDGS IN.DL-,001",XNAS
KMI,"Kinder Morgan, Inc.",59422770446,26.87,15719512700,US49456B1017,"KINDER MORGAN P DL-,01",XNYS
ACA.PA,Crédit Agricole S.A.,59314635111,19.57,26024000000,FR0000045072,CREDIT AGRICOLE INH. EO 3,XPAR
NDA-FI.HE,Nordea Bank Abp,59303858746,17.46,11624000000,FI4000297767,NORDEA BANK ABP,XHEL
AEP,"American Electric Power Company, Inc.",59206723393,108.9,19948962300,US0255371017,"AMER. EL. PWR     DL 6,50",XNAS
TDG,TransDigm Group Incorporated,58584341351,1095,8773260800,US8936411003,"TRANSDIGM GROUP    DL-,01",XNYS
APD,"Air Products and Chemicals, Inc.",58449518098,260.5,11030705660,US0091581068,AIR PROD. CHEM.      DL 1,XNYS
ALL,The Allstate Corporation,58398807842,231.95,61390916100,US0200021014,"ALLSTATE CORP.     DL-,01",XNYS
WBD,"Warner Bros. Discovery, Inc.",58159689058,23.095,31611459500,US9344231041,"WB DISCOVERY SER.A DL-,01",XNAS
RSG,"Republic Services, Inc.",56791886400,180,14784692300,US7607591002,"REPUBLIC SERVIC. DL-,01",XNYS
STAN.L,Standard Chartered PLC,56666683744,26.01,18253506200,GB0004082847,"STAND. CHART. PLC  DL-,50",XLON
BE,Bloom Energy Corporation,55880408282,191,2724940195,US0937121079,"BLOOM ENERGY A   DL-,0001",XNYS
TFC,Truist Financial Corporation,55318593265,45.78,16655208400,US89832Q1094,TRUIST FINL CORP.    DL 5,XNYS
HO.PA,Thales S.A.,54406081274,264.8,22820500000,FR0000121329,THALES S.A.          EO 3,XPAR
MET,"MetLife, Inc.",53742950967,85.6,69497069400,US59156R1086,"METLIFE INC.       DL-,01",XNYS
NUE,Nucor Corporation,53706998147,237,31559494200,US6703461052,"NUCOR CORP.        DL-,40",XNYS
REL.L,RELX PLC,53564062693,30.86,11288199547,GB00B2B0DG97,"RELX PLC      LS -,144397",XLON
NKE,"NIKE, Inc.",53510539966,36.35,39725967600,US6541061031,NIKE INC. B,XNYS
RHM.F,Rheinmetall AG,53500267423,1146.40002,11413000000,DE0007030009,RHEINMETALL AG,XFRA
WPM.TO,Wheaton Precious Metals Corp.,52798442435,116.65,2776137367,CA9628791027,WHEATON PREC. METALS,XTSE
NXPI,NXP Semiconductors N.V.,52286027140,207.15,11560608000,NL0009538784,"NXP SEMICONDUCTORS EO-,20",XNAS
DAL,"Delta Air Lines, Inc.",51677463628,79.1,59771611100,US2473617023,DELTA AIR LINES INC.,XNYS
FAST,Fastenal Company,51455627169,44.235,7658349820,US3119001044,"FASTENAL CO.       DL-,01",XNAS
TER,"Teradyne, Inc.",51295892549,333,3914062381,US8807701029,"TERADYNE INC.     DL-,125",XNAS
D,"Dominion Energy, Inc.",50985274918,57.2,15859560700,US25746U1097,DOMINION ENERGY INC.,XNYS
KBC.BR,KBC Group NV,50735617440,127.05,12550000000,BE0003565737,KBC GROEP N.V.,XBRU
LSEG.L,London Stock Exchange Group plc,50659541901,103.9,11217357966,GB00B0SWJX34,LONDON STOCK EXCHANGE,XLON
CIEN,Ciena Corporation,50494383221,357.25,4733777500,US1717793095,"CIENA CORP. NEW    DL-,01",XNYS
KEYS,"Keysight Technologies, Inc.",50403717487,294.64999,5189411200,US49338L1035,"KEYSIGHT TECHS     DL-,01",XNYS
AAL.L,Anglo American plc,50305507432,47.01,17084105400,GB00BTK05J60,"ANGLO AMERICAN DL-,623855",XLON
AME,"AMETEK, Inc.",50303562187,219,6883291802,US0311001004,"AMETEK INC.        DL-,01",XNYS
ALAB,"Astera Labs, Inc.",50147092381,289,1052039701,US04626A1034,ASTERA LABS INC.  O.N.,XNAS
EOAN.DE,E.ON SE,49736761585,19.025,77037000000,DE000ENAG999,E.ON SE NA O.N.,XDUS
DB1.DE,Deutsche Börse AG,49416847606,274.10001,7749000000,DE0005810055,DEUTSCHE BOERSE NA O.N.,XFRA
BAYN.DE,Bayer Aktiengesellschaft,48934543524,49.81,45375000000,DE000BAY0017,BAYER AG NA O.N.,XFRA
OXY,Occidental Petroleum Corporation,48344612482,48.54,20942427800,US6745991058,"OCCIDENTAL PET.    DL-,20",XNYS
F,Ford Motor Company,48220798123,12.1,164532766900,US3453708600,"FORD MOTOR         DL-,01",XNYS
CAH,"Cardinal Health, Inc.",47891818466,203.6,217462465500,US14149Y1082,CARDINAL HEALTH INC.,XNYS
ARGX.BR,argenx SE,47728942834,762.8,4652630016,NL0010832176,"ARGENX SE EO -,10",XBRU
MT.AS,ArcelorMittal S.A.,47489546140,63.28,55009103800,LU1598757687,ARCELORMITTAL S.A. NOUV.,XAMS
SRE,Sempra,47444524429,73.72,11862065600,US8168511090,SEMPRA,XNYS
EBS.VI,Erste Group Bank AG,46575146880,119.7,13107000000,AT0000652011,ERSTE GROUP BNK INH. O.N.,WBAH
DGE.L,Diageo plc,46464012608,20.89,17193517900,GB0002374006,"DIAGEO PLC LS-,28935185",XLON
LHX,"L3Harris Technologies, Inc.",46175554533,247.4,20047154400,US5024311095,"L3HARRIS TECHS INC.DL-,01",XNYS
NDAQ,"Nasdaq, Inc.",45735724219,82.5,4913934200,US6311031081,"NASDAQ INC.       DL -,01",XNAS
NOKIA.HE,Nokia Oyj,45662545341,8.162,20394000000,FI0009000681,"NOKIA OYJ EO-,06",XHEL
CARR,Carrier Global Corporation,45641765568,55.28,19351132400,US14448C1045,"CARRIER GLBL CORP  DL-,01",XNYS
FANG,"Diamondback Energy, Inc.",45547249127,163.38,14221874400,US25278X1090,"DIAMONDBACK ENERGY DL-,01",XNAS
FITB,Fifth Third Bancorp,44784939454,49.525,8836153500,US3167731005,FIFTH THIRD BANCORP,XNYS
EW,Edwards Lifesciences Corporation,44733135920,77.84,5700216190,US28176E1082,EDWARDS LIFESCIENCES,XNYS
CTVA,"Corteva, Inc.",44501378061,66.62,15590843600,US22052L1044,"CORTEVA INC.      DL -,01",XNYS
ADSK,"Autodesk, Inc.",44428226383,214.85,6398966800,US0527691069,AUTODESK INC.,XNAS
BAS.DE,BASF SE,44345380422,51.5,61586000000,DE000BASF111,BASF SE NA O.N.,XFRA
SHL.F,Siemens Healthineers AG,43978092064,39.51,23168000000,DE000SHL1006,SIEMENS HEALTH.AG NA O.N.,XFRA
BN.PA,Danone S.A.,43885776939,68.18,27482000000,FR0000120644,"DANONE S.A. EO -,25",XPAR
ORA.PA,Orange S.A.,43733594424,16.415,41491000000,FR0000133308,ORANGE INH.          EO 4,XPAR
PYPL,"PayPal Holdings, Inc.",43710243860,51.28,29872238400,US70450Y1038,"PAYPAL HDGS INC.DL-,0001",XNAS
MBG.DE,Mercedes-Benz Group AG,43549090856,47.085,129500000000,DE0007100000,MERCEDES-BENZ GRP NA O.N.,XSTU
ELE.MC,"Endesa, S.A.",43235358862,42.54,21126000000,ES0130670112,"ENDESA INH.       EO 1,20",XMAD
EBAY,eBay Inc.,43103901500,99.04,10510602400,US2786421030,"EBAY INC.         DL-,001",XNAS
DSV.CO,DSV A/S,43072440515,181.3,38892413563,DK0060079531,DSV AKTIER           DK 1,XCSE
FERG,Ferguson Enterprises Inc.,43061343981,218.60001,26936776860,US31488V1070,FERGUSON ENTERPRISES INC.,XNYS
STMPA.PA,STMicroelectronics N.V.,43057409647,48.255,11485203200,NL0000226223,STMICROELECTRONICS,XPAR
CRWV,"CoreWeave, Inc.",42788836730,77.66,5400677100,US21873S1087,"COREWEAVE INC. A DL-,0001",XNAS
DVN,Devon Energy Corporation,42750637230,37.44,16439009300,US25179M1036,"DEVON ENERGY CORP. DL-,10",XNYS
WAB,Westinghouse Air Brake Technologies Corporation,42635742247,254.55,10486094000,US9297401088,"WESTINGH.AI.BR.T.  DL-,01",XNYS
UCB.BR,UCB SA,42536819813,231.8,8524000000,BE0003739530,UCB S.A.,XBRU
AU,AngloGold Ashanti plc,42484638384,83.94,10350422500,GB00BRXH2664,ANGLOGOLD ASHANTI DL 1,XNYS
ROK,"Rockwell Automation, Inc.",42365025474,383.7,7854066900,US7739031091,ROCKWELL AU.         DL 1,XNYS
HEIA.AS,Heineken N.V.,42305131451,77.1,29414000000,NL0000009165,"HEINEKEN          EO 1,60",XAMS
XEL,Xcel Energy Inc.,42181898233,67.5,12793384800,US98389B1008,"XCEL ENERGY       DL 2,50",XNAS
CBK.DE,Commerzbank AG,42116820330,39,11853000000,DE000CBK1001,COMMERZBANK AG,XFRA
HOLN.SW,Holcim AG,41947135508,75.92,17092182422,CH0012214059,HOLCIM LTD.       NAM.SF2,XSWX
ASM.AS,ASM International NV,41830596402,854.4,3364000000,NL0000334118,"ASM INTL N.V.      EO-,04",XAMS
SGO.PA,Compagnie de Saint-Gobain S.A.,41799485332,85.06,46226000000,FR0000125007,ST GOBAIN            EO 4,XPAR
NBIS,Nebius Group N.V.,41631391093,161.14,761402670,NL0009805522,"NEBIUS GROUP CL.A  DL-,01",XNAS
FER.MC,Ferrovial N.V.,41364140411,57.52,9859000000,NL0015001FS8,"FERROVIAL N.V. EO-,01",XAMS
XYZ,"Block, Inc.",41055326188,68.35,21919231089,US8522341036,BLOCK INC. A,XNYS
VST,Vistra Corp.,40861077600,122.48,16816263600,US92840M1027,"VISTRA CORP.       DL-,01",XNYS
EXC,Exelon Corporation,40725154471,39.475,22167847800,US30161N1019,EXELON CORP.,XNAS
DANSKE.CO,Danske Bank A/S,40426824848,50.36,7725996974,DK0010274414,DANSKE BK   NAM.    DK 10,XCSE
IDXX,"IDEXX Laboratories, Inc.",40336088954,507.20001,3985436092,US45168D1046,"IDEXX LABS INC.    DL-,10",XNAS
AENA.MC,"Aena S.M.E., S.A.",40260000000,26.9,6612682000,ES0105046017,AENA SME S.A.       EO 1,XMAD
P911.F,Dr. Ing. h.c. F. Porsche AG,40175100000,44.1,35344000000,DE000PAG9113,DR.ING.H.C.F.PORSCHE VZO,XFRA
AXON,"Axon Enterprise, Inc.",40125080533,470.79999,2817677355,US05464C1018,"AXON ENTERPRISE DL-,00001",XNAS
HUM,Humana Inc.,39989744572,330,127512828700,US4448591028,"HUMANA INC.       DL-,166",XNYS
MCHP,Microchip Technology Incorporated,39779106225,73.24,4483549190,US5950171042,"MICROCHIP TECH.   DL-,001",XNAS
RWE.DE,RWE Aktiengesellschaft,39674079519,56.22,16265000000,DE0007037129,RWE AG   INH O.N.,XDUS
RKT.L,Reckitt Benckiser Group plc,39333696128,61.86,15834835476,GB00BSZBP530,"RECKITT BENCK.LS-,1041666",XLON
VOW.DE,Volkswagen AG,38533653936,77.25,321651000000,DE0007664005,VOLKSWAGEN AG ST O.N.,XHAN
WDAY,"Workday, Inc.",38376863139,150.17999,8399549600,US98138H1014,"WORKDAY INC.CL.A  DL-,001",XNAS
HLN.L,Haleon plc,37984353083,4.318,12951234707,GB00BMX86B70,"HALEON PLC       LS 0,01",XLON
RVMD,"Revolution Medicines, Inc.",37726252015,171.39999,,US76155X1000,"REVOLUTION MED.  DL-,0001",XNAS
TTWO,"Take-Two Interactive Software, Inc.",37720960762,209.2,5852693450,US8740541094,TAKE-TWO INTERACT. SOFTW.,XNAS
CBRE,"CBRE Group, Inc.",37116516524,130.15,38260238300,US12504L1098,"CBRE GROUP INC. A  DL-,01",XNYS
PAYX,"Paychex, Inc.",37079516315,103.5,5575574400,US7043261079,"PAYCHEX INC.       DL-,01",XNAS
PRY.MI,Prysmian S.p.A.,36823408650,127.7,21733000000,IT0004176001,"PRYSMIAN S.P.A.   EO 0,10",XMIL
LR.PA,Legrand SA,36751479818,140.55,10106600000,FR0010307819,LEGRAND S.A.    INH. EO 4,XPAR
DHI,"D.R. Horton, Inc.",36552536317,127.45,29191255000,US23331A1097,"D.R.HORTON INC.    DL-,01",XNYS
LYV,"Live Nation Entertainment, Inc.",36404791510,158.7,22996349886,US5380341090,"LIVE NATION ENTMT.DL -,01",XNYS
UAL,"United Airlines Holdings, Inc.",36375908578,111.5,55058120600,US9100471096,"UTD AIRLINES HLDGS DL-,01",XNAS
BMPS.MI,Banca Monte dei Paschi di Siena S.p.A.,36154403654,11.926,3998418000,IT0005508921,BCA MONTE D.PASCHI D.SIE.,XMIL
CMG,"Chipotle Mexican Grill, Inc.",35891493630,28.635,10874516253,US1696561059,"CHIPOTLE MEX.GR.  DL -,01",XNYS
BMW.DE,Bayerische Motoren Werke Aktiengesellschaft,35800777988,59.78,128034000000,DE0005190003,BAY.MOTOREN WERKE AG ST,XMUN
A,"Agilent Technologies, Inc.",35661001099,124.15,6164556800,US00846U1016,"AGILENT TECHS INC. DL-,01",XNYS
YUM,"Yum! Brands, Inc.",35588320952,129.85,7634366600,,,
DTG.F,Daimler Truck Holding AG,35479367868,46.72,44621000000,DE000DTR0CK8,DAIMLER TRUCK HLDG NA ON,XFRA
KDP,Keurig Dr Pepper Inc.,35323931561,26.005,17584777000,US49271V1008,"KEURIG DR PEPPER   DL-,01",XNAS
PST.MI,Poste Italiane S.p.A.,35277599161,27.58,14436000000,IT0003796171,"POSTE ITALIANE SPA EO-,51",XMIL
KER.PA,Kering SA,35148550314,287.20001,14456000000,FR0000121485,KERING S.A. INH.     EO 4,XPAR
COIN,"Coinbase Global, Inc.",35054428938,131.52,5290097001,US19260Q1076,"COINBASE GLB.CL.A -,00001",XNAS
TSCO.L,Tesco PLC,34559655907,5.55,83957989819,GB00BLGZ9862,"TESCO PLC     LS-,0633333",XLON
WAT,Waters Corporation,34554930875,342.2,4060034821,US9418481035,"WATERS CORP.       DL-,01",XNYS
ED,"Consolidated Edison, Inc.",34542992859,93.16,15483181700,US2091151041,CONSOLIDATED EDISON,XNYS
IBKR,"Interactive Brokers Group, Inc.",34421685232,75.22,5982675500,US45841N1072,INTERACTIVE BROKERS DL-01,XNAS
ROP,"Roper Technologies, Inc.",34412188230,344.10001,7247746590,US7766961061,"ROPER TECHNOLOGIES DL-,01",XNAS
HOT.DE,HOCHTIEF Aktiengesellschaft,34039302102,452.4,40003265000,DE0006070006,HOCHTIEF AG,XFRA
IQV,IQVIA Holdings Inc.,33985867300,203.8,14865219900,US46266C1053,"IQVIA HLDGS        DL-,01",XNYS
SSE.L,SSE plc,33654028492,28.2,11666041361,GB0007908733,"SSE PLC    LS-,50",XLON
LDO.MI,Leonardo S.p.a.,33533531095,57.98,20587000000,IT0003856405,"LEONARDO S.P.A.   EO 4,40",XMIL
SIKA.SW,Sika AG,33330002029,205,12040466470,CH0418792922,"SIKA AG  NAM.     SF 0,01",XSWX
PCG,PG&E Corporation,33259979845,15.1,22615126100,US69331C1080,PG + E CORP.,XNYS
TEAM,Atlassian Corporation,32722236538,124,5752741192,US0494681010,ATLASSIAN CORP. CL.A,XNAS
PEG,Public Service Enterprise Group Incorporated,32619547442,66.02,10978887900,US7445731067,PUBL. SVC.ENTER.,XNYS
STLD,"Steel Dynamics, Inc.",32522912409,225.4,17977504853,US8581191009,"STEEL DYNAMIC    DL-,0025",XNAS
ABN.AS,ABN AMRO Bank N.V.,32413152877,40.11,8775000000,NL0011540547,ABN AMRO BANK EO1,XAMS
MAERSK-A.CO,A.P. Møller - Mærsk A/S,32408814093,2230,46519370100,DK0010244425,A.P.MOELL.-M.NAM A DK1000,XCSE
VOD.L,Vodafone Group Public Limited Company,32386437078,1.405,40461000000,GB00BH4HKS39,VODAFONE GROUP PLC,XLON
VEEV,Veeva Systems Inc.,32384134065,185.95,2829299718,US9224751084,"VEEVA SYSTEMS A DL-,00001",XNYS
NTAP,"NetApp, Inc.",32169624986,163.18,5915335000,US64110D1046,NETAPP INC.,XNAS
KVUE,Kenvue Inc.,31970129577,16.61,13509734400,US49177J1025,"KENVUE INC.      DL -,001",XNYS
EXPE,"Expedia Group, Inc.",31930119560,260,13742210000,US30212P3038,"EXPEDIA GRP INC. DL-,0001",XNAS
HSY,The Hershey Company,31692556424,158.4,10665318042,US4278661081,HERSHEY CO.          DL 1,XNYS
KMB,Kimberly-Clark Corporation,31552837588,94.11,14514224600,US4943681035,"KIMBERLY-CLARK    DL 1,25",XNAS
HEN.DE,Henkel AG & Co. KGaA,30961928983,74.45,20441000000,DE0006048408,HENKEL AG+CO.KGAA ST O.N.,XDUS
JBL,Jabil Inc.,30928464690,298.6,28759758000,US4663131039,"JABIL DL-,001",XNYS
HBAN,Huntington Bancshares Incorporated,30671412370,15.18,8032628100,US4461501045,"HUNTINGTON BANCSHS DL-,01",XNAS
HNR1.DE,Hannover Rück SE,30583433182,253.6,24300400000,DE0008402215,HANNOVER RUECK SE NA O.N.,XHAN
BPE.MI,BPER Banca SpA,30385924209,14.824,6118647000,IT0000066123,BPER BANCA           EO 3,XMIL
PRU.L,Prudential plc,30340254355,12.255,12287475900,GB0007099541,"PRUDENTIAL PLC     LS-,05",XLON
WEC,"WEC Energy Group, Inc.",30336561265,94,8873266220,US92939U1060,WEC ENERGY GRP      DL 10,XNYS
KR,The Kroger Co.,30063490466,48.705,128146854500,US5010441013,KROGER CO.           DL 1,XNYS
TLX.DE,Talanx AG,30061915019,116.5,45424000000,DE000TLX1005,TALANX AG NA O.N.,XFRA
ALC.SW,Alcon Inc.,29945630092,61.42,9222868200,CH0432492467,"ALCON AG  NAM. SF -,04",XSWX
DSY.PA,Dassault Systèmes SE,29455947411,22.29,6206200000,FR0014003TT8,"DASSAULT SYS SE INH.EO0,1",XPAR
RJF,"Raymond James Financial, Inc.",29378326895,159.05,13339572000,US7547301090,"RAYMOND JAMES FIN. DL-,01",XNYS
ADYEN.AS,Adyen N.V.,29366479613,929.59998,2376362000,NL0012969182,"ADYEN N.V.         EO-,01",XAMS
NTRS,Northern Trust Corporation,29356606692,159.6,7952538150,US6658591044,"NORTHN TRUST CORP.DL1,666",XNAS
AD.AS,Koninklijke Ahold Delhaize N.V.,29122487427,33.39,91424000000,NL0011794037,"AHOLD DELHAIZE,KON.EO-,01",XAMS
ERIC-B.ST,Telefonaktiebolaget LM Ericsson (publ),29010143116,8.816,20550000327,SE0000108656,ERICSSON B (FRIA),XSTO
ADS.DE,adidas AG,28541248224,164.05,26041000000,DE000A1EWWW0,ADIDAS AG NA O.N.,XFRA
MLM,"Martin Marietta Materials, Inc.",28502024465,477.39999,5854006400,US5732841060,"MARTIN MAR. MAT.   DL-,01",XNYS
VG,"Venture Global, Inc.",28495338168,11.25,13420600200,US92333F1012,VENTURE GLOBAL  A O.N.,XNYS
TPR,"Tapestry, Inc.",28404173255,140.14999,6814494400,US8760301072,"TAPESTRY INC.      DL-,01",XNYS
K.TO,Kinross Gold Corporation,28358760371,23.63,7414578770,CA4969024047,KINROSS GOLD CORP.,XTSE
HEI.DE,Heidelberg Materials AG,28213271921,160.85001,21734100000,DE0006047004,HEIDELBERG MATERIALS O.N.,XFRA
UMG.AS,Universal Music Group N.V.,28193900972,15.575,12820000000,NL0015000IY2,UNIVERSAL MUSIC GROUP EO1,XAMS
CNC,Centene Corporation,28103894245,55.18,157820091200,US15135B1017,"CENTENE CORP.     DL-,001",XNYS
GEHC,GE HealthCare Technologies Inc.,28041156795,60.7,18614129800,US36266G1076,"GE HEALTHC.TECH.INC. -,01",XNAS
EQT,EQT Corporation,28009655696,44.68,8134967301,US26884L1098,EQT CORP.,XNYS
WTW,Willis Towers Watson Public Limited Company,27700847638,292.20001,8842280600,IE00BDB6Q211,WILLIS TOWERS WATSON,XNAS
EL,The Estée Lauder Companies Inc.,27649362340,75.74,12864660900,US5184391044,"ESTEE LAUDER COS A DL-,01",XNYS
REP.MC,"Repsol, S.A.",27576008600,25.23,54359000000,ES0173516115,REPSOL S.A. INH.     EO 1,XMAD
ON,ON Semiconductor Corporation,27334374021,70.43,5418116760,US6821891057,"ON SEMICOND.       DL-,01",XNAS
MDLN,Medline Inc.,26736357150,32.6,26250515200,US58507V1070,MEDLINE INC.   CL. A O.N.,XNAS
ARES,Ares Management Corporation,26695788930,119.75,5240941904,US03990B1017,ARES MNGMT CORP.CL.A,XNYS
ZM,"Zoom Communications, Inc.",26505993266,90.37,4204940344,US98980L1017,"ZOOM COMMUNIC. A DL -,001",XNAS
FRE.DE,Fresenius SE & Co. KGaA,26505946256,47.06,23281000000,DE0005785604,FRESENIUS SE+CO.KGAA O.N.,XFRA
NSIS-B.CO,Novozymes A/S,26481922350,56.7,4199300000,DK0060336014,NOVOZYMES AS NAM. B DK 2,XCSE
HM-B.ST,H & M Hennes & Mauritz AB (publ),26066190618,16.36,20492765265,SE0000106270,HENNES + MAURITZ B SK-125,XSTO
KHC,The Kraft Heinz Company,25971674783,21.76,21832320000,US5007541064,"KRAFT HEINZ CO.DL -,01",XNAS
ZTS,Zoetis Inc.,25971475287,64.82,8337232500,US98978V1035,"ZOETIS INC. CL.A  DL -,01",XNYS
RYA.IR,Ryanair Holdings plc,25959216000,25.3,15590800000,IE00BYTBXV33,"RYANAIR HLDGS PLC EO-,006",XDUB
P,"Everpure, Inc.",25892100470,76.76,3346665900,US74624M1027,EVERPURE INC CL.A DL-0001,XNYS
VIE.PA,Veolia Environnement SA,25771364301,35.23,44541000000,FR0000124141,VEOLIA ENVIRONNE. EO 5,XPAR
WSM,"Williams-Sonoma, Inc.",25643999086,216.2,6699835150,US9699041011,WILLIAMS-SONOMA INC.DL-01,XNYS
LVS,Las Vegas Sands Corp.,25641854667,39.51,12008240700,US5178341070,"LAS VEGAS SANDS   DL-,001",XNYS
BAMI.MI,Banco BPM S.p.A.,25593636447,17.185,5555972000,IT0005218380,BCA BPM S.P.A.,XMIL
SAMPO.HE,Sampo Oyj,25452308679,9.568,10672000000,FI4000552500,SAMPO OYJ A,XHEL
KNIN.SW,Kuehne + Nagel International AG,25377287688,212.5,26233000985,CH0025238863,KUEHNE + NAGEL INTL  SF 1,XSWX
ALNY,"Alnylam Pharmaceuticals, Inc.",25371279246,186.82,4205100505,US02043Q1076,"ALNYLAM PHARMACE.DL-,0001",XNAS
CPNG,"Coupang, Inc.",25235176908,14.29,31039888600,US22266T1097,"COUPANG INC.CL.A DL-,0001",XNYS
DTE,DTE Energy Company,25176065653,124.4,14411814500,US2333311072,DTE EN. CO.,XNYS
ORSTED.CO,Ørsted A/S,25067274383,18.93,10725096808,DK0060094928,ORSTED A/S          DK 10,XCSE
IMB.L,Imperial Brands PLC,24889416620,32.57,22224630505,GB0004544929,IMPERIAL BRANDS PLC LS-10,XLON
AV.L,Aviva plc,24880275480,8.37,32872410372,GB00BPQY8M80,"AVIVA PLC          LS-,33",XLON
PUB.PA,Publicis Groupe S.A.,24792308723,99.78,17650000000,FR0000130577,"PUBLICIS GRP INH. EO 0,40",XPAR
MTD,Mettler-Toledo International Inc.,24774862578,1225,3618380788,US5926881054,METTLER-TOLEDO INTL,XNYS
INSM,Insmed Incorporated,24764790012,113.94,995771916,US4576693075,"INSMED INC.        DL-,01",XNAS
CRS,Carpenter Technology Corporation,24525856513,493.1,2734612260,US1442851036,CARPENTER TECHNOLOGY DL 5,XNYS
OTIS,Otis Worldwide Corporation,24363351600,64.24,13051598300,US68902V1070,"OTIS WORLDWID.CORP DL-,01",XNYS
690D.DE,"Haier Smart Home Co., Ltd.",24338632971,1.8578,37335034498,CNE1000031C1,HAIER SMART HOME CO.D YC1,XFRA
XYL,Xylem Inc.,24300560235,104.8,7987987800,US98419M1009,"XYLEM INC.         DL-,01",XNYS
Q,"Qnity Electronics, Inc.",24213480025,118,4560313000,US74743L1008,QNITY ELECTRONICS O.N.,XNYS
FISV,"Fiserv, Inc.",24174882816,45.4,18264009800,US3377381088,"FISERV INC.        DL-,01",XNAS
DG,Dollar General Corporation,24154315052,109.75,36614051750,US2566771059,"DOLLAR GENER.CORP.DL-,875",XNYS
AMS.MC,"Amadeus IT Group, S.A.",24149233870,57.52,6591900000,ES0109067019,"AMADEUS IT GRP SA EO 0,01",XMAD
HPQ,HP Inc.,23771416912,25.2,48942250800,US40434L1052,"HP INC            DL -,01",XNYS
ZS,"Zscaler, Inc.",23597543291,144.56,2705145954,US98980G1022,"ZSCALER INC.      DL-,001",XNAS
HAL,Halliburton Company,23504422211,28.01,19583086900,US4062161017,"HALLIBURTON CO.   DL 2,50",XNYS
HUBB,Hubbell Incorporated,23489432390,444.79999,5447517080,US4435106079,"HUBBELL INC.       DL-,01",XNYS
CINF,Cincinnati Financial Corporation,23479669889,153.95,12213936200,US1720621010,CINCINNATI FINL      DL 2,XNAS
ML.PA,Compagnie Générale des Établissements Michelin Société en commandite par actions,23419203529,34.49,25651000000,FR001400AJ45,"MICHELIN  NOM.    EO -,50",XPAR
VWS.CO,Vestas Wind Systems A/S,23388382391,23.87,19320000000,DK0061539921,"VESTAS WIND SYS. DK -,20",XCSE
TEN.MI,Tenaris S.A.,23363063954,23.13,10538924482,LU2598331598,TENARIS S.A. DL 1,XMIL
RBLX,Roblox Corporation,23351770791,32,4976562790,US7710491033,"ROBLOX CORP.CL.A DL-,0001",XNYS
DSFIR.AS,DSM-Firmenich AG,23248579223,93.38,9055000000,CH1216478797,"DSM-FIRMENICH AG  EO -,01",XAMS
FSLR,"First Solar, Inc.",23244989723,220,4707425546,US3364331070,"FIRST SOLAR INC. D -,001",XNAS
MB.MI,Mediobanca Banca di Credito Finanziario S.p.A.,23099141407,28.62,2639292000,IT0000062957,"MEDIOBCA          EO 0,50",XMIL
PPL,PPL Corporation,23076767419,30.67,8226069400,US69351T1060,"PPL CORP.          DL-,01",XNYS
VRSN,"VeriSign, Inc.",23007934320,254.05,1494924870,US92343E1029,"VERISIGN INC.     DL-,001",XNAS
IAG.L,International Consolidated Airlines Group S.A.,22930295437,5.206,33371000000,ES0177542018,INTERN.CONS.AIRL.GR.,XMAD
PHIA.AS,Koninklijke Philips N.V.,22607897427,23.17,17665000000,NL0000009538,"KONINKL. PHILIPS EO -,20",XAMS
CTSH,Cognizant Technology Solutions Corporation,22470206666,49.39,18943242600,US1924461023,COGNIZANT TECH. SOL.A,XNAS
LH,Labcorp Holdings Inc.,22390254255,274,12558804400,US5049221055,LABCORP HLDGS INC. O.N.,XNYS
CPAY,"Corpay, Inc.",22216065271,340,4394445401,US2199481068,CORPAY INC.,XNYS
SYF,Synchrony Financial,22118823583,67.64,8672472400,US87165B1035,"SYNCHRONY FIN.    DL-,001",XNYS
HLAG.DE,Hapag-Lloyd Aktiengesellschaft,21987612654,125.1,17782100000,DE000HLAG475,HAPAG-LLOYD AG NA O.N.,XHAM
ECHO,EchoStar Corporation,21939204402,77.71,12826580553,US2787681061,"ECHOSTAR CORP. A DL -,001",XNAS
SW,Smurfit Westrock Plc,21875741088,44.2,27419647800,IE00028FXN24,"SMURFIT WESTROCK   DL-,01",XNYS
DLTR,"Dollar Tree, Inc.",21759640337,112.58,16785715000,US2567461080,"DOLLAR TREE INC.   DL-,01",XNAS
EBK.DE,EnBW Energie Baden-Württemberg AG,21735548122,67,37670100000,DE0005220008,ENBW ENERGIE BAD.-WUE. ON,XSTU
VRSK,"Verisk Analytics, Inc.",21596045182,167,2744940800,US92345Y1064,VERISK ANALYTICS DL-001,XNAS
PHM,"PulteGroup, Inc.",21549262820,112.85,14361113623,US7458671010,"PULTE GROUP INC.  DL -,01",XNYS
FCNCA,"First Citizens BancShares, Inc.",21537733140,1930,8168299600,US31946M1036,FIRST CITIZ.BCSHS A   DL1,XNAS
NRG,"NRG Energy, Inc.",21479822169,106,28994312500,US6293775085,"NRG ENERGY INC.    DL-,01",XNYS
FOXA,Fox Corporation,21287589651,52.37,14990387800,US35137L1052,"FOX CORP. A        DL-,01",XNAS
CHD,"Church & Dwight Co., Inc.",21182925626,88.82,5452331230,US1713401024,CHURCH + DWIGHT CO. DL 1,XNYS
INCY,Incyte Corporation,21138212823,100.95,5093834609,US45337C1027,"INCYTE            DL-,001",XNAS
ULTA,"Ulta Beauty, Inc.",21015528882,477.2,10802063500,US90384S3031,"ULTA BEAUTY DL-,01",XNAS
PFG,"Principal Financial Group, Inc.",21001738340,103,13736257960,US74251V1026,"PRINCIPAL FINL GRP DL-,01",XNAS
KEY,KeyCorp,20984387247,19.83,6451836300,US4932671088,KEYCORP              DL 1,XNYS
NN.AS,NN Group N.V.,20964294115,80.82,14031000000,NL0010773842,"NN GROUP NV EO -,12",XAMS
VLTO,Veralto Corporation,20738061393,84.26,4979443200,US92338C1036,VERALTO CORP.,XNYS
BRO,"Brown & Brown, Inc.",20668883090,61.56,5832123900,US1152361010,"BROWN + BROWN      DL-,10",XNYS
TEF.MC,"Telefónica, S.A.",20661321895,3.676,36239000000,ES0178430E18,TELEFONICA INH.      EO 1,XMAD
IOT,Samsara Inc.,20605327751,34.2,1471005750,US79589L1061,"SAMSARA INC. A   DL-,0001",XNYS
RBI.VI,Raiffeisen Bank International AG,20593377668,62.7,8884000000,AT0000606306,RAIFFEISEN BK INTL INH.,WBAH
SOFI,"SoFi Technologies, Inc.",20534289110,15.85,3736164657,US83406F1021,SOFI TECHNOLOGIES,XNAS
0QMI.IL,SGS SA,20533362463,101.8,7806202721,,,
OMV.VI,OMV Aktiengesellschaft,20481879436,63.1,25610000000,AT0000743059,OMV AG,WBAH
MRNA,"Moderna, Inc.",20433711232,49.6,1950168400,US60770K1079,"MODERNA INC.     DL-,0001",XNAS
L,Loews Corporation,20429167336,99.96,16362858200,US5404241086,LOEWS CORP.          DL 1,XNYS
RL,Ralph Lauren Corporation,20385076988,349,7325839360,US7512121010,"RALPH LAUREN A     DL-,01",XNYS
22UA.HM,BioNTech SE,20353720713,80.7,2650000000,US09075V1026,BIONTECH SE SPON. ADRS 1,XNAS
UNI.MI,Unipol Assicurazioni S.p.A.,20274901611,28.45,11512000000,IT0004810054,UNIPOL ASSICURAZIONI NAM.,XMIL
AER,AerCap Holdings N.V.,20267061985,132.55,7844284547,NL0000687663,"AERCAP HOLDINGS   EO -,01",XNYS
PGHN.SW,Partners Group Holding AG,20221206749,780.8,2744086210,CH0024608827,"PARTNERS GR.HLDG  SF -,01",XSWX
IHG.L,InterContinental Hotels Group PLC,20192351928,137.89999,4419471300,GB00BHJYC057,"INTERCONT.H.LS-,208521303",XLON
LGEN.L,Legal & General Group Plc,20157635601,3.704,13732814779,GB0005603997,"LEGAL GENL GRP PLCLS-,025",XLON
ENTG,"Entegris, Inc.",20100717760,126,2916324480,US29362U1043,"ENTEGRIS INC.      DL-,01",XNAS
VER.VI,VERBUND AG,20097997435,57.85,7590365000,AT0000746409,VERBUND AG       INH. A,WBAH
STZ,"Constellation Brands, Inc.",20051877172,116,7754346540,US21036P1084,"CONST.BRANDS A     DL-,01",XNYS
MTX.DE,MTU Aero Engines AG,19975223671,370.8,9232000000,DE000A0D9PT0,MTU AERO ENGINES NA O.N.,XFRA
LUV,Southwest Airlines Co.,19927667118,40.525,26322896900,US8447411088,SOUTHW. AIRL. CO.    DL 1,XNYS
GEBN.SW,Geberit AG,19822730238,601,3413753005,CH0030170408,GEBERIT AG NA DISP. SF-10,XSWX
GPN,Global Payments Inc.,19712429421,75.6,8933964774,US37940X1028,GLOBAL PAYMENTS INC.,XNYS
OMC,Omnicom Group Inc.,19643768763,73.34,19581598890,US6819191064,"OMNICOM GRP INC.   DL-,15",XNYS
PKG,Packaging Corporation of America,19610457605,220.5,8345635380,US6951561090,PACKAGING CORP. OF AMER.,XNYS
ROKU,"Roku, Inc.",19560582537,132,4559533983,US77543R1023,"ROKU INC   CL. A DL-,0001",XNAS
AMUN.PA,Amundi S.A.,19502934757,96.8,7186181000,FR0004125920,"AMUNDI S.A.      EO 2,50",XPAR
DE000TRAT0N7.SG,Traton SE,19400000000,38.8,44142000000,DE000TRAT0N7,TRATON SE   INH O.N.,XFRA
CMS,CMS Energy Corporation,19266477134,60.50535,7714018900,US1258961002,"CMS ENERGY CORP.   DL-,01",XNYS
TW,Tradeweb Markets Inc.,18727150051,89.12,1929543706,US8926721064,"TRADEWEB MARKETS -,00001",XNAS
RS,"Reliance, Inc.",18719469129,364,13834816740,US7595091023,RELIANCE INC.,XNYS
EXE,Expand Energy Corporation,18591282182,80.4,11079547400,US1651677353,"EXPAND ENERGY      DL-,01",XNAS
ASTS,"AST SpaceMobile, Inc.",18590419796,61.3,73664126,US00217D1000,"AST SPACEMOBIL.A DL-,0001",XNCM
CAP.PA,Capgemini SE,18544316559,109.65,23440000000,FR0000125338,CAPGEMINI SE INH. EO 8,XPAR
DOW,Dow Inc.,18332357139,25.81,36166520700,US2605571031,"DOW INC.           DL-,01",XNYS
CLNX.MC,"Cellnex Telecom, S.A.",18281995286,27.1,4174724000,ES0105066007,"CELLNEX TELECOM SA EO-,25",XMAD
THC,Tenet Healthcare Corporation,18257075332,216,19092043600,US88033G4073,"TENET HEALTHCARE   DL-,05",XNYS
UN0.DE,Uniper SE,18033381876,43.3,57172000000,DE000UNSE026,UNIPER SE  NA O.N.,XFRA
BG,Bunge Global SA,18010918027,93.14,80369170700,CH1300646267,"BUNGE GLOBAL S.A. DL-,01",XNYS
BESI.AS,BE Semiconductor Industries N.V.,17894034637,221.3,733830000,NL0012866412,"BE SEMICON.INDSINH.EO-,01",XAMS
VNA.DE,Vonovia SE,17859351281,21.05,5965400000,DE000A1ML7J1,VONOVIA SE NA O.N.,XFRA
CSG.AS,CSG N.V.,17714000000,18.004,7217315000,NL0015073TS8,"CSG N.V.          EO -,01",XAMS
BEI.DE,Beiersdorf Aktiengesellschaft,17707496176,81.38,9616000000,DE0005200000,BEIERSDORF AG O.N.,XHAM
RI.PA,Pernod Ricard SA,17697666315,70.48,10036000000,FR0000120693,PERNOD RICARD        O.N.,XPAR
STMN.SW,Straumann Holding AG,17569730596,110,2798427667,CH1175448666,"STRAUMANN HLDG NA SF 0,01",XSWX
CARL-B.CO,Carlsberg A/S,17503694113,126.65,11929514726,DK0010181759,CARLSBERG A/S NAM. B DK20,XCSE
SNX,TD SYNNEX Corporation,17458457776,220.9,59733713415,US87162W1009,"TD SYNNEX CORP.  DL -,001",XNYS
SMCI,"Super Micro Computer, Inc.",17418641091,26.54,29228188664,US86800U3023,SUPER MICRO O.N.,XNAS
DIM.PA,Sartorius Stedim Biotech S.A.,17309032940,178,3005100000,FR0013154002,"SARTOR.STED.B. EO-,20",XPAR
SAB.MC,"Banco de Sabadell, S.A.",16844777039,3.445,4243621000,ES0113860A34,"BCO DE SABADELL A EO-,125",XMAD
GIS,"General Mills, Inc.",16705897908,31.35,15775142520,US3703341046,"GENL MILLS        DL -,10",XNYS
KBX.DE,Knorr-Bremse AG,16426280000,101.9,8030000000,DE000KBX1006,KNORR-BREMSE AG  INH O.N.,XFRA
ENX.PA,Euronext N.V.,16402541093,162.3,1964728000,NL0006294274,"EURONEXT N.V. WI EO 1,60",XPAR
VTRS,Viatris Inc.,16323715930,14.406,12899558690,US92556V1061,VIATRIS INC.  O.N.,XNAS
TIT.MI,Telecom Italia S.p.A.,16161047526,7.625,14069000000,IT0005712671,TELECOM ITALIA,XMIL
FTV,Fortive Corporation,16121413521,51.22,3772872360,US34959J1088,"FORTIVE CORP.      DL-,01",XNYS
RBRK,"Rubrik, Inc.",16036216783,72.4,1214480767,US7811541090,"RUBRIK INC. A DL-,001",XNYS
GMAB.CO,Genmab A/S,15958816208,270.29999,3615864300,DK0010272202,GENMAB AS            DK 1,XCSE
LSCC,Lattice Semiconductor Corporation,15862773074,111.78,569206481,US5184151042,"LATTICE SEMICOND.  DL-,01",XNAS
CHTR,"Charter Communications, Inc.",15741414548,132.8,47612818800,US16119P1084,CHARTER COM. CL. A,XNAS
WKL.AS,Wolters Kluwer N.V.,15620865498,68.62,6106000000,NL0000395903,WOLTERS KLUWER NAM. EO-12,XAMS
APG,APi Group Corporation,15595714366,36.2,7385781400,US00187Y1001,API GROUP CORP.,XNYS
TSCO,Tractor Supply Company,15514951374,29.475,13810234803,US8923561067,"TRACTOR SUPPLY    DL-,008",XNAS
RBC,RBC Bearings Incorporated,15489519343,496,1713617920,US75524B1044,"RBC BEARINGS INC.  DL-,01",XNYS
CDE,"Coeur Mining, Inc.",15462558017,14.85,2775749609,US1921085049,"COEUR MINING DL -,01",XNYS
WCC,"WESCO International, Inc.",15333066392,326.89999,21893703840,US95082P1057,"WESCO INTL INC.    DL-,01",XNYS
JHX,James Hardie Industries plc,15313879007,24.4,4735810650,IE000R94NGM2,"JAMES HARDIE IND. EO-,59",XNYS
KPN.AS,Koninklijke KPN N.V.,15251526633,4.042,5828000000,NL0000009082,KON. KPN NV         EO-04,XAMS
URW.PA,Unibail-Rodamco-Westfield SE,15068493327,104.35,3540100000,FR0013326246,"URW (STAPLED SHS)  EO-,05",XPAR
CF,"CF Industries Holdings, Inc.",14969270619,94.6,6773946700,US1252691001,"CF INDS HLDGS      DL-,01",XNYS
IEX,IDEX Corporation,14950977296,203.8,3138213090,US45167R1041,"IDEX CORP.         DL-,01",XNYS
DWS.DE,DWS Group GmbH & Co. KGaA,14950000000,74.75,4787000000,DE000DWS1007,DWS GROUP GMBH+CO.KGAA ON,XFRA
BBY,"Best Buy Co., Inc.",14949712247,70.32,35581000000,US0865161014,"BEST BUY CO.       DL-,10",XNYS
FBK.MI,FinecoBank Banca Fineco S.p.A.,14944904537,24.49,1380415000,IT0000072170,"FINECOBANK BCA FIN.EO-,33",XMIL
J,Jacobs Solutions Inc.,14686654473,126,12467408589,US46982L1089,JACOBS SOLUTIONS INC. DL1,XNYS
CRCL,"Circle Internet Group, Inc.",14640907813,58.35,2543130757,US1725731079,"CIRCLE INT.GRP A DL-,0001",XNYS
CG,The Carlyle Group Inc.,14608972890,39.52,2447951510,US14316J1088,CARLYLE GROUP INC.,XNAS
PR,Permian Resources Corporation,14593722680,17.605,5021898079,US71424F1057,PERMIAN RESOUR. CL.A O.N.,XNYS
SRT.F,Sartorius Aktiengesellschaft,14586123950,190,3581700000,DE0007165607,SARTORIUS AG O.N.,XHAN
ASRNL.AS,ASR Nederland N.V.,14495020128,70.46,17124000000,NL0011872643,"ASR NEDERLAND N.V.EO-,16",XAMS
STRL,"Sterling Infrastructure, Inc.",14474697778,481.8,3009706796,US8592411016,"STERLING INFRASTRU.DL-,01",XNAS
JLL,Jones Lang LaSalle Incorporated,14421514772,318,24012542550,US48020Q1076,"JONES LANG LASALLE DL-,01",XNYS
JAZZ,Jazz Pharmaceuticals plc,14406128552,223,4027505636,IE00B4Q5ZN47,"JAZZ PHARMACEUT. DL-,0001",XNAS
BBIO,"BridgeBio Pharma, Inc.",14285198862,72.31,502997573,US10806X1028,"BRIDGEBIO PHARMA  DL-,001",XNAS
EXO.AS,Exor N.V.,14270324170,70.7,-3518000000,NL0012059018,EXOR N.V.,XAMS
AGS.BR,ageas SA/NV,14199625150,74.55,9429000000,BE0974264930,AGEAS SA/NV,XBRU
OVV,Ovintiv Inc.,14146117020,51.82,8335481900,US69047Q1022,"OVINTIV INC.       DL-,01",XNYS
TIGO,Millicom International Cellular S.A.,14092017231,91.5,6339797900,LU0038705702,"MILLICOM INTL CELL. DL1,5",XNAS
BG.VI,BAWAG Group AG,14083030588,182.2,2075800000,AT0000BAWAG2,BAWAG GROUP AG,WBAH
STLAM.MI,Stellantis N.V.,13892607656,4.796,160861000000,NL00150001Q9,"STELLANTIS NV     EO -,01",XPAR
PTC,PTC Inc.,13863752737,127.9,2585611692,US69370C1009,"PTC INC.          DL -,01",XNAS
MONC.MI,Moncler S.p.A.,13778997037,51.34,3196375000,IT0004965148,MONCLER S.P.A.,XMIL
CON.DE,Continental Aktiengesellschaft,13660408639,68.3,18815000000,DE0005439004,CONTINENTAL AG O.N.,XHAN
PNFP,"Pinnacle Financial Partners, Inc.",13619056496,92,2890771032,US72348N1090,PINNACLE FINL P. NEW O.N.,XNYS
0QHQ.IL,SNGN Romgaz SA,13490038579,1,1525787754,,,
ALB,Albemarle Corporation,13382971215,111.5,5171188371,US0126531013,"ALBEMARLE CORP.    DL-,01",XNYS
TXT,Textron Inc.,13304383339,79.36,13374385800,US8832031012,"TEXTRON INC.      DL-,125",XNYS
CSL,Carlisle Companies Incorporated,13280165794,335.6,4461404100,US1423391002,CARLISLE COS. INC.   DL 1,XNYS
JBS,JBS N.V.,13181369762,11.775,76553350715,NL0015002J37,"JBS N.N.         EO -,01",XNYS
COLO-B.CO,Coloplast A/S,13173005092,57.76,3752358936,DK0060448595,COLOPLAST NAM. B    DK 1,XCSE
LII,Lennox International Inc.,13146917059,379,4641015660,US5261071071,"LENNOX INTL INC.   DL-,01",XNYS
ONTO,Onto Innovation Inc.,13087095653,261.89999,980455916,US6833441057,ONTO INNOVATION,XNYS
LOGN.SW,Logitech International S.A.,12981022586,90.56,4306731588,CH0025751329,"LOGITECH INTL NA  SF -,25",XSWX
RPM,RPM International Inc.,12967848277,101,6732661916,US7496851038,"RPM INTERN. INC.   DL-,01",XNYS
ARMK,Aramark,12849441001,48.93,16845359466,US03852U1060,"ARAMARK           DL -,01",XNYS
1COV.F,Covestro AG,12645296097,60.8,12815000000,,,
LULU,lululemon athletica inc.,12629659801,110.8,9523011550,US5500211090,LULULEMON ATHLETICA INC.,XNAS
DOCN,"DigitalOcean Holdings, Inc.",12626838480,108.7,885027209,US25402D1028,"DIGITALOCEAN HLD.-,000025",XNYS
SY1.DE,Symrise AG,12572663174,91.92,4914877000,DE000SYM9999,SYMRISE AG INH. O.N.,XFRA
UPM.HE,UPM-Kymmene Oyj,12476486928,23.64,9523000000,FI0009005987,UPM KYMMENE CORP.,XHEL
ALLE,Allegion plc,12426689152,145.64999,3753724050,IE00BFRT3W74,ALLEGION PLC         DL 1,XNYS
UNM,Unum Group,12400868037,80.16,11683241810,US91529Y1064,"UNUM GROUP         DL-,10",XNYS
CACI,CACI International Inc,12318989119,548,8374676959,US1271903049,"CACI INTL INC. A    DL-,1",XNYS
TRYG.CO,Tryg A/S,12286725682,20.6,5848334402,DK0060636678,TRYG AS NAM.         DK 5,XCSE
AUR,"Aurora Innovation, Inc.",12239175806,5.95,4376500,US0517741072,AURORA INNOVATION INC.,XNCM
GL,Globe Life Inc.,12221386769,153,5419820837,US37959E1029,GLOBE LIFE INC.      DL 1,XNYS
ERF.PA,Eurofins Scientific SE,12117242866,69.86,7385500000,FR0014000MR3,"EUROFINS SCI.INH.EO 0,01",XPAR
SGI,Somnigroup International Inc.,11873291269,57,6666284800,US88023U1016,"SOMNIGROUP INT.    DL-,01",XNYS
TXRH,"Texas Roadhouse, Inc.",11826072331,179.4,5454445080,US8826811098,"TEXAS ROADHOUSE DL-,001",XNAS
FGR.PA,Eiffage SA,11747349471,123.35,26119000000,FR0000130452,EIFFAGE SA INH.      EO 4,XPAR
CNH,CNH Industrial N.V.,11653969662,9.44,15917330500,NL0010545661,"CNH INDUSTRIAL    EO -,01",XNYS
DECK,Deckers Outdoor Corporation,11566141100,86.14,4838036062,US2435371073,"DECKERS OUTDOOR    DL-,01",XNYS
AIT,"Applied Industrial Technologies, Inc.",11506004067,311.4,4196629662,US03820C1053,APPLIED IND. TECHS,XNYS
AA,Alcoa Corporation,11452891380,43.11,11906705900,US0138721065,ALCOA CORP. O.N.,XNYS
DHER.DE,Delivery Hero SE,11299313182,37.2,14059600000,DE000A2E4K43,DELIVERY HERO SE NA O.N.,XFRA
JEF,Jefferies Financial Group Inc.,11291597190,48.68,7140593269,US47233W1099,JEFFERIES FINL GRP   DL 1,XNYS
AEIS,"Advanced Energy Industries, Inc.",11259873380,284.9,1783686340,US0079731008,"ADVANCED EN. INDS DL-,001",XNAS
BLHWF,BELIMO Holding AG,11169220905,950,1338638105,,,
CA.PA,Carrefour SA,11158272516,15.765,84606000000,FR0000120172,"CARREFOUR S.A. INH.EO 2,5",XPAR
FME.DE,Fresenius Medical Care AG,11144494260,42.05,19427148000,DE0005785802,FRESEN.MED.CARE AG INH ON,XFRA
SPSN.SW,Swiss Prime Site AG,11117563136,135.6,601387524,,,
SJM,The J. M. Smucker Company,11109007909,103.98,7714987160,US8326964058,SMUCKER -J.M.-,XNYS
TYL,"Tyler Technologies, Inc.",11068140380,267,2126678772,US9022521051,"TYLER TECHS INC.   DL-,01",XNYS
RVTY,"Revvity, Inc.",11064598690,94.34,2545505176,US7140461093,REVVITY INC.         DL 1,XNYS
IDR.MC,"Indra Sistemas, S.A.",11060974518,62.7,6340870000,ES0118594417,"INDRA SISTEMAS INH.EO 0,2",XMAD
CLX,The Clorox Company,10998371250,91.38,5882016000,US1890541097,CLOROX CO.           DL 1,XNYS
ICLR,ICON Public Limited Company,10979132668,141.7,7260103200,IE0005711209,"ICON PLC           EO-,06",XNAS
SN.L,Smith & Nephew plc,10928815458,12.9,5523840000,GB0009223206,"SMITH + NEP.   DL -,20",XLON
